<?xml version="1.0" encoding="utf-8" ?>
<ModelInfo>
	<LODS>
		<!-- Highest LOD -->
		<!-- minimum display size in % (should be bounding sphere vertical screen size, sphere will often be slightly larger than you expect) -->
		<!-- default minSize is 0 -->
		<LOD minSize="50" ModelFile="A320_NEO_AIRTRAFFIC_LOD00.gltf"/>
		<LOD minSize="35" ModelFile="A320_NEO_AIRTRAFFIC_LOD01.gltf"/>
		<LOD minSize="15" ModelFile="A320_NEO_AIRTRAFFIC_LOD02.gltf"/>
		<LOD minSize="5" ModelFile="A320_NEO_AIRTRAFFIC_LOD03.gltf"/>
		<LOD minSize="0" ModelFile="A320_NEO_AIRTRAFFIC_LOD04.gltf"/>
	</LODS>

    <Animation name="c_gear" 				guid="E2E339A6-FCBF-43a9-A780-3473E03AB54B" length="100" type="Sim" typeparam2="c_gear" typeparam="AutoPlay" />
	<Animation name="c_tire_key" 			guid="2E85413A-45C4-4614-947C-8B19830D4116" length="100" type="Sim" typeParam2="c_tire_key" typeParam="AutoPlay" />
	<Animation name="c_wheel" 				guid="BC935F16-43CD-4046-8EF3-06E44A5940AB" length="200" type="Sim" typeparam2="c_wheel" typeparam="AutoPlay" />
    <Animation name="l_gear" 				guid="E6A307E6-D0D8-4ca0-8A8E-77B7EA22FFB9" length="100" type="Sim" typeparam2="l_gear" typeparam="AutoPlay" />
	<Animation name="l_tire_key" 			guid="326D05EA-FD89-438E-98EB-AE10F27C768C" length="100" type="Sim" typeParam2="l_tire_key" typeParam="AutoPlay" />
    <Animation name="r_gear" 				guid="77C00B94-DDA1-450a-B725-1E2B4ADF6BC8" length="100" type="Sim" typeparam2="r_gear" typeparam="AutoPlay" />
	<Animation name="r_tire_key" 			guid="2CB9C0BD-AC26-492B-A9F0-7CC462CA65CC" length="100" type="Sim" typeParam2="r_tire_key" typeParam="AutoPlay" />
	<Animation name="elevator_percent_key" 	guid="69fced03-9a10-49a7-aa82-2b79ab5b63e0" length="100" type="Sim" typeParam2="elevator_percent_key" typeParam="AutoPlay" />
	
	<Animation name="l_flap_percent_key" guid="DB029E5C-1A48-42d5-8290-EF098DFABB4F" length="100" type="Sim" typeparam2="l_flap_percent_key" typeparam="AutoPlay" />
	<Animation name="r_flap_percent_key" guid="3849E47F-9088-4699-8959-EC0C54DF8015" length="100" type="Sim" typeparam2="r_flap_percent_key" typeparam="AutoPlay" />
	
    <Animation name="l_aileron_percent_key" guid="bad53e9a-1958-4b22-90fe-23513d121db3" length="100" type="Sim" typeParam2="l_aileron_percent_key" typeParam="AutoPlay" />
    <Animation name="r_aileron_percent_key" guid="77db62be-36d4-4c03-bea7-c4cc2a224d9d" length="100" type="Sim" typeParam2="r_aileron_percent_key" typeParam="AutoPlay" />
    <Animation name="rudder_percent_key" guid="5433b2a0-0fd9-4192-8f7d-0ba36bf7191d" length="100" type="Sim" typeParam2="rudder_percent_key" typeParam="AutoPlay" />
	
	<Animation name="l_spoiler_key" guid="F5D81E0E-0238-43a6-B169-2A7DF682295F" length="100" type="Sim" typeParam2="l_spoiler_key" typeParam="AutoPlay" />
	<Animation name="r_spoiler_key" guid="1DAC9F00-4B37-417f-A463-8D6F2B72024D" length="100" type="Sim" typeParam2="r_spoiler_key" typeParam="AutoPlay" />
	
	<Animation name="trimtab_elevator_key" guid="e682662a-3af5-4afe-a99b-a26d45560d67" length="100" type="Sim" typeParam2="trimtab_elevator_key" typeParam="AutoPlay" />

	
	<Animation name="thrust_rev_1" guid="18AF77CB-6457-47d0-8A10-2BA619430ACE" length="100" type="Sim" typeParam2="thrust_rev_1" typeParam="AutoPlay" />
    <Animation name="thrust_rev_2" guid="2D50D1B9-ED30-4405-A77A-99AA338D1548" length="100" type="Sim" typeParam2="thrust_rev_2" typeParam="AutoPlay" />
	
	<Animation name="N1_2_anim" guid="E6D4657A-40A0-4d1d-4289-47AA5ACCBBB3" length="100" type="Sim" typeParam2="N1_2_anim" typeParam="AutoPlay" />
	<Animation name="N1_1_anim" guid="E6D4657A-40A0-4d1d-8609-47AA5ACCBBB3" length="100" type="Sim" typeParam2="N1_1_anim" typeParam="AutoPlay" />
	<Animation name="N1_1_blurred" guid="E6D2414A-40A0-4d1d-8609-47AA5ACCBBB3" length="100" type="Sim" typeParam2="N1_1_blurred" typeParam="AutoPlay" />
    <Animation name="N1_1_slow" guid="2289B5D7-E2F9-4c57-AE3B-8323AD5413C6" length="100" type="Sim" typeParam2="N1_1_slow" typeParam="AutoPlay" />
    <Animation name="N1_1_still" guid="E0D9AC9A-DBA6-41a5-9163-BF8BD41DB4A2" length="100" type="Sim" typeParam2="N1_1_still" typeParam="AutoPlay" />
    <Animation name="N1_2_blurred" guid="5A2A3E08-7E67-4522-A3A3-E48388F191B3" length="100" type="Sim" typeParam2="N1_2_blurred" typeParam="AutoPlay" />
    <Animation name="N1_2_slow" guid="F8C7E48E-EB6F-438f-80FD-AF9F6EA688AD" length="100" type="Sim" typeParam2="N1_2_slow" typeParam="AutoPlay" />
    <Animation name="N1_2_still" guid="41C33B6F-E52A-45e9-BEC1-3D722E69BBFF" length="100" type="Sim" typeParam2="N1_2_still" typeParam="AutoPlay" />	
	
	 <PartInfo>
    <Name>N1_1_still</Name>
     <AnimLength>100</AnimLength>
    <Visibility>
      <Parameter>
        <Code>
          (A:ENG N1 RPM:1, percent) 6.25 &lt; if{ 1 } els{ 0 }
        </Code>
      </Parameter>
    </Visibility>
  </PartInfo>
  
  <PartInfo>
    <Name>N1_1_slow</Name>
    <AnimLength>100</AnimLength>
    <Visibility>
      <Parameter>
        <Code>
          (A:ENG N1 RPM:1, percent) 6.25 &gt;
          if{
          (A:ENG N1 RPM:1, percent) 12.5 &lt; if{ 1 } els{ 0 }
          } els{ 0 }
        </Code>
      </Parameter>
    </Visibility>
  </PartInfo>
  
  <PartInfo>
    <Name>N1_1_blurred</Name>
    <AnimLength>100</AnimLength>
    <Visibility>
      <Parameter>
        <Code>
          (A:ENG N1 RPM:1, percent) 12.5 &gt; if{ 1 } els{ 0 }
        </Code>
      </Parameter>
    </Visibility>
  </PartInfo>
  
  <PartInfo>
    <Name>N1_2_still</Name>
    <AnimLength>100</AnimLength>
    <Visibility>
      <Parameter>
        <Code>
          (A:ENG N1 RPM:2, percent) 6.25 &lt; if{ 1 } els{ 0 }
        </Code>
      </Parameter>
    </Visibility>
  </PartInfo>
  
  <PartInfo>
    <Name>N1_2_slow</Name>
    <AnimLength>100</AnimLength>
    <Visibility>
      <Parameter>
        <Code>
          (A:ENG N1 RPM:2, percent) 6.25 &gt;
          if{
          (A:ENG N1 RPM:2, percent) 12.5 &lt; if{ 1 } els{ 0 }
          } els{ 0 }
        </Code>
      </Parameter>
    </Visibility>
  </PartInfo>
  
  <PartInfo>
    <Name>N1_2_blurred</Name>
    <AnimLength>100</AnimLength>
    <Visibility>
      <Parameter>
        <Code>
          (A:ENG N1 RPM:2, percent) 12.5 &gt; if{ 1 } els{ 0 }
        </Code>
      </Parameter>
    </Visibility>
  </PartInfo>
	
	<PartInfo>
    <Name>N1_2_anim</Name>
    <AnimLength>100</AnimLength>
    <Animation>
      <Parameter>
        <Code>
           (A:GENERAL ENG RPM:2,degrees per second) (E:SIMULATION TIME, second) * 360 % 3.6 /
        </Code>
      </Parameter>
    </Animation>
  </PartInfo>
  
  	<PartInfo>
    <Name>N1_1_anim</Name>
    <AnimLength>100</AnimLength>
    <Animation>
      <Parameter>
        <Code>
           (A:GENERAL ENG RPM:2,degrees per second) (E:SIMULATION TIME, second) * 360 % 3.6 /
        </Code>
      </Parameter>
    </Animation>
  </PartInfo>
	
	<PartInfo>
        <Name>elevator_percent_key</Name>
        <AnimLength>100</AnimLength>
        <Animation>
            <Parameter>
                <Sim>
                    <Variable>ELEVATOR DEFLECTION PCT</Variable>
					<Scale>0.5</Scale>
                    <Units>percent</Units>
                    <Bias>50</Bias>
                </Sim>
            </Parameter>
        </Animation>
    </PartInfo>

  <PartInfo>
        <Name>c_gear</Name>
        <AnimLength>100</AnimLength>
        <Animation>
            <Parameter>
                <Sim>
                    <Variable>GEAR ANIMATION POSITION:0</Variable>
                    <Units>number</Units>
					<Scale>100</Scale>
                </Sim>
            </Parameter>
        </Animation>
    </PartInfo>
	<PartInfo>
        <Name>c_tire_key</Name>
        <Copy>tire_anim</Copy>
        <AnimLength>100</AnimLength>
        <Animation>
            <Parameter>
                <Sim>
                    <Variable>CENTER WHEEL ROTATION ANGLE</Variable>
                </Sim>
            </Parameter>
        </Animation>
    </PartInfo>
	<PartInfo>
        <Name>c_wheel</Name>
        <AnimLength>200</AnimLength>
        <Animation>
            <Parameter>
          <Code>
            (A:GEAR CENTER STEER ANGLE, grads) 0 &gt; if{ (A:GEAR CENTER STEER ANGLE, grads) 0.5 * } els{ (A:GEAR CENTER STEER ANGLE, grads) 0.5 * 200 + }
          </Code>
            </Parameter>
        </Animation>
        <MouseRect>
            <TooltipID>TOOLTIPTEXT_STEER_ANGLE</TooltipID>
        </MouseRect>
    </PartInfo>
    <PartInfo>
        <Name>l_gear</Name>
        <Copy>c_gear</Copy>
        <AnimLength>100</AnimLength>
        <Animation>
            <Parameter>
                <Sim>
                    <Variable>GEAR ANIMATION POSITION:1</Variable>
                </Sim>
            </Parameter>
        </Animation>
    </PartInfo>
	<PartInfo>
        <Name>l_tire_key</Name>
        <Copy>tire_anim</Copy>
        <AnimLength>100</AnimLength>
      <Animation>
            <Parameter>
                <Sim>
                    <Variable>LEFT WHEEL ROTATION ANGLE</Variable>
                </Sim>
            </Parameter>
        </Animation>
    </PartInfo>
    <PartInfo>
        <Name>r_gear</Name>
        <Copy>c_gear</Copy>
        <AnimLength>100</AnimLength>
        <Animation>
            <Parameter>
                <Sim>
                    <Variable>GEAR ANIMATION POSITION:2</Variable>
                </Sim>
            </Parameter>
        </Animation>
    </PartInfo>
	<PartInfo>
        <Name>r_tire_key</Name>
        <Copy>tire_anim</Copy>
        <AnimLength>100</AnimLength>
      <Animation>
            <Parameter>
                <Sim>
                    <Variable>RIGHT WHEEL ROTATION ANGLE</Variable>
                </Sim>
            </Parameter>
        </Animation>
    </PartInfo>
	<PartInfo>
        <Name>tire_anim</Name>
        <AnimLength>100</AnimLength>
        <Animation>
            <Parameter>
                <Sim>
                    <Variable>CENTER WHEEL ROTATION ANGLE</Variable>
                    <Units>radians</Units>
                    <Bias>0</Bias>
                    <Scale>15.91</Scale>
                </Sim>
            </Parameter>
        </Animation>
    </PartInfo>	

    <PartInfo>
        <Name>l_aileron_percent_key</Name>
        <AnimLength>100</AnimLength>
        <Animation>
            <Parameter>
                <Sim>
                    <Variable>AILERON LEFT DEFLECTION PCT</Variable>
                    <Scale>-1</Scale>
                    <Units>percent</Units>
                    <Bias>50</Bias>
                </Sim>
            </Parameter>
        </Animation>
    </PartInfo>
    <PartInfo>
        <Name>r_aileron_percent_key</Name>
        <AnimLength>100</AnimLength>
        <Animation>
            <Parameter>
                <Sim>
                    <Variable>AILERON RIGHT DEFLECTION PCT</Variable>
                    <Scale>-1</Scale>
                    <Units>percent</Units>
                    <Bias>50</Bias>
                </Sim>
            </Parameter>
        </Animation>
    </PartInfo>
	
	<PartInfo>
		<Name>l_flap_percent_key</Name>
		<AnimLength>100</AnimLength>
		<Animation>
		  <Parameter>
			<Sim>
			  <Variable>TRAILING EDGE FLAPS LEFT PERCENT</Variable>
			  <Units>percent</Units>
			  <Scale>1</Scale>
			  <Bias>0</Bias>
			</Sim>
		  </Parameter>
		</Animation>
	</PartInfo>
	
	<PartInfo>
		<Name>r_flap_percent_key</Name>
		<AnimLength>100</AnimLength>
		<Animation>
		  <Parameter>
			<Sim>
			  <Variable>TRAILING EDGE FLAPS RIGHT PERCENT</Variable>
			  <Units>percent</Units>
			  <Scale>1</Scale>
			  <Bias>0</Bias>
			</Sim>
		  </Parameter>
		</Animation>
	 </PartInfo>
	
    <PartInfo>
        <Name>rudder_percent_key</Name>
        <AnimLength>100</AnimLength>
        <Animation>
            <Parameter>
                <Sim>
                    <Variable>RUDDER DEFLECTION PCT</Variable>
					<Scale>0.5</Scale>
                    <Units>percent</Units>
                    <Bias>50</Bias>
                </Sim>
            </Parameter>
        </Animation>
    </PartInfo>
	
	<PartInfo>
        <Name>l_spoiler_key</Name>
        <AnimLength>100</AnimLength>
        <Animation>
            <Parameter>
                <Sim>
                    <Variable>SPOILERS LEFT POSITION</Variable>
                    <Scale>1</Scale>
                    <Units>percent</Units>
                    <Bias>0</Bias>
                </Sim>
            </Parameter>
        </Animation>
    </PartInfo>
	
	<PartInfo>
        <Name>r_spoiler_key</Name>
        <AnimLength>100</AnimLength>
        <Animation>
            <Parameter>
                <Sim>
                    <Variable>SPOILERS RIGHT POSITION</Variable>
                    <Scale>1</Scale>
                    <Units>percent</Units>
                    <Bias>0</Bias>
                </Sim>
            </Parameter>
        </Animation>
    </PartInfo>
	
	<PartInfo>
        <Name>thrust_rev</Name>
        <AnimLength>100</AnimLength>
        <Animation>
            <Parameter>
                <Sim>
                    <Variable>TURB ENG REVERSE NOZZLE PERCENT:1</Variable>
                    <Scale>1</Scale>
                    <Units>percent</Units>
                    <Bias>0</Bias>
                </Sim>
            </Parameter>
        </Animation>
    </PartInfo>

    <PartInfo>
        <Name>thrust_rev_1</Name>
        <Copy>thrust_rev</Copy>
        <Animation>
            <Parameter>
                <Sim>
                    <Variable>TURB ENG REVERSE NOZZLE PERCENT:1</Variable>
                </Sim>
            </Parameter>
        </Animation>
    </PartInfo>

    <PartInfo>
        <Name>thrust_rev_2</Name>
        <Copy>thrust_rev</Copy>
        <Animation>
            <Parameter>
                <Sim>
                    <Variable>TURB ENG REVERSE NOZZLE PERCENT:2</Variable>
                </Sim>
            </Parameter>
        </Animation>
    </PartInfo>
	
	 <PartInfo>
        <Name>trimtab_elevator_key</Name>
        <AnimLength>100</AnimLength>
        <Animation>
            <Parameter>
                <Sim>
                    <Variable>ELEVATOR TRIM PCT</Variable>
                    <Units>percent</Units>
                    <Scale>0.5</Scale>
                    <Bias>50</Bias>
                </Sim>
            </Parameter>
        </Animation>
        <MouseRect>
            <Cursor>Hand</Cursor>
            <HelpID>HELPID_GAUGE_PITCH_TRIM</HelpID>
            <TooltipID>TOOLTIPTEXT_PITCH_TRIM</TooltipID>
            <MouseFlags>LeftSingle+LeftDrag+Wheel</MouseFlags>
            <CallbackJumpDragging>
                <YMovement>
                    <Delta>-3</Delta>
                    <EventIdInc>ELEV_TRIM_DN</EventIdInc>
                    <EventIdDec>ELEV_TRIM_UP</EventIdDec>
                </YMovement>
            </CallbackJumpDragging>
        </MouseRect>
    </PartInfo>
	
</ModelInfo>
