{
  "content": [
    {
      "path": "SimObjects/Airplanes/Asobo_A320_NEO_PKM/aircraft.cfg",
      "size": 10060,
      "date": 132367900270000000
    },
    {
      "path": "SimObjects/Airplanes/Asobo_A320_NEO_PKM/aircraft.loc",
      "size": 16252,
      "date": 132380709480000000
    },
    {
      "path": "SimObjects/Airplanes/Asobo_A320_NEO_PKM/model.AIPKM/model.CFG",
      "size": 211,
      "date": 132199527360000000
    },
    {
      "path": "SimObjects/Airplanes/Asobo_A320_NEO_PKM/model.PKM/model.CFG",
      "size": 884,
      "date": 132199526930000000
    },
    {
      "path": "SimObjects/Airplanes/Asobo_A320_NEO_PKM/TEXTURE.PKM/A320NEO_AIRFRAME_ENGINES_ALBD.PNG.DDS",
      "size": 1,
      "date": 132400215225729553
    },
    {
      "path": "SimObjects/Airplanes/Asobo_A320_NEO_PKM/TEXTURE.PKM/A320NEO_AIRFRAME_ENGINES_ALBD.PNG.DDS.json",
      "size": 1,
      "date": 132400215225729553
    },
    {
      "path": "SimObjects/Airplanes/Asobo_A320_NEO_PKM/TEXTURE.PKM/A320NEO_AIRFRAME_FUSELAGE_ALBD.PNG.dds",
      "size": 1,
      "date": 132400215225729553
    },
    {
      "path": "SimObjects/Airplanes/Asobo_A320_NEO_PKM/TEXTURE.PKM/A320NEO_AIRFRAME_FUSELAGE_ALBD.PNG.DDS.json",
      "size": 1,
      "date": 132400215225729553
    },
    {
      "path": "SimObjects/Airplanes/Asobo_A320_NEO_PKM/TEXTURE.PKM/A320NEO_AIRFRAME_LIVERY_ALBD.PNG.DDS",
      "size": 1,
      "date": 132400215225729553
    },
    {
      "path": "SimObjects/Airplanes/Asobo_A320_NEO_PKM/TEXTURE.PKM/A320NEO_AIRFRAME_LIVERY_ALBD.PNG.DDS.json",
      "size": 1,
      "date": 132400215225729553
    },
    {
      "path": "SimObjects/Airplanes/Asobo_A320_NEO_PKM/TEXTURE.PKM/A320NEO_AIRFRAME_LIVERY_TEXTS_ALBD.PNG.DDS",
      "size": 1,
      "date": 132400215225729553
    },
    {
      "path": "SimObjects/Airplanes/Asobo_A320_NEO_PKM/TEXTURE.PKM/A320NEO_AIRFRAME_LIVERY_TEXTS_ALBD.PNG.DDS.json",
      "size": 1,
      "date": 132400215225729553
    },
    {
      "path": "SimObjects/Airplanes/Asobo_A320_NEO_PKM/TEXTURE.PKM/A320NEO_AIRFRAME_WINGS_ALBD.PNG.DDS",
      "size": 1,
      "date": 132400215225729553
    },
    {
      "path": "SimObjects/Airplanes/Asobo_A320_NEO_PKM/TEXTURE.PKM/A320NEO_AIRFRAME_WINGS_ALBD.PNG.DDS.json",
      "size": 1,
      "date": 132400215225729553
    },
    {
      "path": "SimObjects/Airplanes/Asobo_A320_NEO_PKM/TEXTURE.PKM/texture.CFG",
      "size": 166,
      "date": 132243417610000000
    },
    {
      "path": "SimObjects/Airplanes/Asobo_A320_NEO_PKM/TEXTURE.PKM/thumbnail.JPG",
      "size": 169150,
      "date": 132441267290000000
    },
    {
      "path": "SimObjects/Airplanes/Asobo_A320_NEO_PKM/TEXTURE.PKM/thumbnail_small.JPG",
      "size": 30843,
      "date": 132441268000000000
    }
  ]
}